Benchmark,Data Cache,D$ Bytes Read,D$ Bytes Written,D$ Read Accesses,D$ Write Accesses,D$ Read Misses,D$ Write Misses,D$ Writebacks,D$ Miss Rate
bfs_matrix,256:1:16,7639783,4340310,1912534,1085235,276229,267605,278352,18.141%
bfs_pointer,256:1:16,297361,132180,76933,33192,4327,5614,6646,9.027%
conv2D,256:1:16,3325479,1220578,833940,305293,14339,16174,16524,2.678%
fir,256:1:16,27163089,15053144,6793348,3763456,163184,121185,123615,2.694%
kmean,256:1:16,39450765,8338606,9865279,2084826,393916,36079,40805,3.598%
mm,256:1:16,8399467,4416818,2102419,1104347,424059,23108,23774,13.944%
quicksort,256:1:16,12497859,12511653,3128446,3131433,220811,133374,258132,5.658%
sobel,256:1:16,5781465,2145012,1818292,538346,38306,50311,51814,3.760%
bfs_matrix,512:1:16,7639783,4340310,1912534,1085235,266693,261063,268276,17.605%
bfs_pointer,512:1:16,297361,132180,76933,33192,3386,5508,6362,8.076%
conv2D,512:1:16,3325479,1220578,833940,305293,11665,12963,13282,2.162%
fir,512:1:16,27163089,15053144,6793348,3763456,100639,112265,113806,2.017%
kmean,512:1:16,39450765,8338606,9865279,2084826,376109,32643,34926,3.420%
mm,512:1:16,8399467,4416818,2102419,1104347,411225,17339,17584,13.364%
quicksort,512:1:16,12497859,12511653,3128446,3131433,171284,102352,204062,4.371%
sobel,512:1:16,5781465,2145012,1818292,538346,31697,49235,49813,3.434%
bfs_matrix,1024:1:16,7639783,4340310,1912534,1085235,259633,258624,262827,17.288%
bfs_pointer,1024:1:16,297361,132180,76933,33192,2377,5306,5829,6.977%
conv2D,1024:1:16,3325479,1220578,833940,305293,6783,11746,11321,1.626%
fir,1024:1:16,27163089,15053144,6793348,3763456,64561,107141,107255,1.626%
kmean,1024:1:16,39450765,8338606,9865279,2084826,360737,30957,31472,3.278%
mm,1024:1:16,8399467,4416818,2102419,1104347,331782,16965,16738,10.875%
quicksort,1024:1:16,12497859,12511653,3128446,3131433,131668,79779,161528,3.378%
sobel,1024:1:16,5781465,2145012,1818292,538346,28915,48371,47935,3.280%
bfs_matrix,2048:1:16,7639783,4340310,1912534,1085235,256898,256282,258488,17.119%
bfs_pointer,2048:1:16,297361,132180,76933,33192,1838,5130,4671,6.327%
conv2D,2048:1:16,3325479,1220578,833940,305293,4696,10907,9802,1.370%
fir,2048:1:16,27163089,15053144,6793348,3763456,47786,103928,102947,1.437%
kmean,2048:1:16,39450765,8338606,9865279,2084826,356050,29842,28893,3.229%
mm,2048:1:16,8399467,4416818,2102419,1104347,290604,16628,15767,9.581%
quicksort,2048:1:16,12497859,12511653,3128446,3131433,59804,62111,96112,1.948%
sobel,2048:1:16,5781465,2145012,1818292,538346,27613,47790,46083,3.200%
bfs_matrix,4096:1:16,7639783,4340310,1912534,1085235,255728,255667,257199,17.059%
bfs_pointer,4096:1:16,297361,132180,76933,33192,137,4960,946,4.628%
conv2D,4096:1:16,3325479,1220578,833940,305293,2732,10717,7665,1.181%
fir,4096:1:16,27163089,15053144,6793348,3763456,39423,102410,101134,1.344%
kmean,4096:1:16,39450765,8338606,9865279,2084826,345803,29336,27926,3.139%
mm,4096:1:16,8399467,4416818,2102419,1104347,118810,16452,14513,4.218%
quicksort,4096:1:16,12497859,12511653,3128446,3131433,29955,50610,69437,1.287%
sobel,4096:1:16,5781465,2145012,1818292,538346,26648,47527,45011,3.147%
bfs_matrix,8192:1:16,7639783,4340310,1912534,1085235,254908,255371,256527,17.022%
bfs_pointer,8192:1:16,297361,132180,76933,33192,92,4941,17,4.570%
conv2D,8192:1:16,3325479,1220578,833940,305293,135,10114,1956,0.900%
fir,8192:1:16,27163089,15053144,6793348,3763456,35233,101642,100242,1.297%
kmean,8192:1:16,39450765,8338606,9865279,2084826,8787,29079,27224,0.317%
mm,8192:1:16,8399467,4416818,2102419,1104347,9463,15202,9245,0.769%
quicksort,8192:1:16,12497859,12511653,3128446,3131433,10533,42397,43309,0.846%
sobel,8192:1:16,5781465,2145012,1818292,538346,2227,26067,19116,1.201%
bfs_matrix,16384:1:16,7639783,4340310,1912534,1085235,253695,255199,256103,16.976%
bfs_pointer,16384:1:16,297361,132180,76933,33192,92,4941,17,4.570%
conv2D,16384:1:16,3325479,1220578,833940,305293,92,10062,18,0.891%
fir,16384:1:16,27163089,15053144,6793348,3763456,16828,101255,99795,1.119%
kmean,16384:1:16,39450765,8338606,9865279,2084826,939,21000,5037,0.184%
mm,16384:1:16,8399467,4416818,2102419,1104347,101,14935,29,0.469%
quicksort,16384:1:16,12497859,12511653,3128446,3131433,1450,39391,23853,0.652%
sobel,16384:1:16,5781465,2145012,1818292,538346,260,21738,5418,0.933%
bfs_matrix,32768:1:16,7639783,4340310,1912534,1085235,249230,255045,255684,16.822%
bfs_pointer,32768:1:16,297361,132180,76933,33192,92,4941,17,4.570%
conv2D,32768:1:16,3325479,1220578,833940,305293,92,10062,18,0.891%
fir,32768:1:16,27163089,15053144,6793348,3763456,16397,85640,68527,0.967%
kmean,32768:1:16,39450765,8338606,9865279,2084826,157,20875,79,0.176%
mm,32768:1:16,8399467,4416818,2102419,1104347,101,14935,27,0.469%
quicksort,32768:1:16,12497859,12511653,3128446,3131433,475,38749,6162,0.627%
sobel,32768:1:16,5781465,2145012,1818292,538346,160,21646,82,0.925%
bfs_matrix,65536:1:16,7639783,4340310,1912534,1085235,234360,254957,255356,16.323%
bfs_pointer,65536:1:16,297361,132180,76933,33192,92,4941,17,4.570%
conv2D,65536:1:16,3325479,1220578,833940,305293,92,10062,18,0.891%
fir,65536:1:16,27163089,15053144,6793348,3763456,461,69006,3550,0.658%
kmean,65536:1:16,39450765,8338606,9865279,2084826,157,20875,79,0.176%
mm,65536:1:16,8399467,4416818,2102419,1104347,101,14935,27,0.469%
quicksort,65536:1:16,12497859,12511653,3128446,3131433,232,38620,161,0.621%
sobel,65536:1:16,5781465,2145012,1818292,538346,160,21646,82,0.925%
bfs_matrix,131072:1:16,7639783,4340310,1912534,1085235,183329,254869,245718,14.617%
bfs_pointer,131072:1:16,297361,132180,76933,33192,92,4941,17,4.570%
conv2D,131072:1:16,3325479,1220578,833940,305293,92,10062,18,0.891%
fir,131072:1:16,27163089,15053144,6793348,3763456,344,68934,266,0.656%
kmean,131072:1:16,39450765,8338606,9865279,2084826,157,20875,79,0.176%
mm,131072:1:16,8399467,4416818,2102419,1104347,101,14935,27,0.469%
quicksort,131072:1:16,12497859,12511653,3128446,3131433,232,38620,161,0.621%
sobel,131072:1:16,5781465,2145012,1818292,538346,160,21646,82,0.925%
bfs_matrix,128:1:32,7639783,4340310,1912534,1085235,146122,137606,147475,9.465%
bfs_pointer,128:1:32,297361,132180,76933,33192,3954,2912,4013,6.235%
conv2D,128:1:32,3325479,1220578,833940,305293,13659,9615,10188,2.043%
fir,128:1:32,27163089,15053144,6793348,3763456,142694,79880,82346,2.108%
kmean,128:1:32,39450765,8338606,9865279,2084826,243510,25704,32838,2.253%
mm,128:1:32,8399467,4416818,2102419,1104347,802684,13755,14381,25.460%
quicksort,128:1:32,12497859,12511653,3128446,3131433,172706,93408,199975,4.251%
sobel,128:1:32,5781465,2145012,1818292,538346,34996,34497,36502,2.949%
bfs_matrix,256:1:32,7639783,4340310,1912534,1085235,139465,132514,138868,9.073%
bfs_pointer,256:1:32,297361,132180,76933,33192,3112,2815,3752,5.382%
conv2D,256:1:32,3325479,1220578,833940,305293,12090,7823,8288,1.748%
fir,256:1:32,27163089,15053144,6793348,3763456,81172,65902,67559,1.393%
kmean,256:1:32,39450765,8338606,9865279,2084826,210643,20079,23623,1.931%
mm,256:1:32,8399467,4416818,2102419,1104347,794714,10274,10594,25.103%
quicksort,256:1:32,12497859,12511653,3128446,3131433,131536,66899,154490,3.170%
sobel,256:1:32,5781465,2145012,1818292,538346,28340,33677,34660,2.632%
bfs_matrix,512:1:32,7639783,4340310,1912534,1085235,134035,130770,134475,8.833%
bfs_pointer,512:1:32,297361,132180,76933,33192,1978,2705,3378,4.252%
conv2D,512:1:32,3325479,1220578,833940,305293,6158,6484,6428,1.110%
fir,512:1:32,27163089,15053144,6793348,3763456,47325,58450,58963,1.002%
kmean,512:1:32,39450765,8338606,9865279,2084826,190951,17288,18701,1.743%
mm,512:1:32,8399467,4416818,2102419,1104347,744204,9564,9556,23.506%
quicksort,512:1:32,12497859,12511653,3128446,3131433,101800,48795,121363,2.406%
sobel,512:1:32,5781465,2145012,1818292,538346,25139,33097,33235,2.471%
bfs_matrix,1024:1:32,7639783,4340310,1912534,1085235,130983,128876,130815,8.668%
bfs_pointer,1024:1:32,297361,132180,76933,33192,1024,2598,2438,3.289%
conv2D,1024:1:32,3325479,1220578,833940,305293,3737,5773,5290,0.835%
fir,1024:1:32,27163089,15053144,6793348,3763456,30983,54287,54004,0.808%
kmean,1024:1:32,39450765,8338606,9865279,2084826,182558,15714,15749,1.659%
mm,1024:1:32,8399467,4416818,2102419,1104347,718618,9339,8965,22.701%
quicksort,1024:1:32,12497859,12511653,3128446,3131433,36082,34601,55107,1.129%
sobel,1024:1:32,5781465,2145012,1818292,538346,23558,32690,32019,2.387%
bfs_matrix,2048:1:32,7639783,4340310,1912534,1085235,129950,128445,129806,8.620%
bfs_pointer,2048:1:32,297361,132180,76933,33192,89,2492,494,2.344%
conv2D,2048:1:32,3325479,1220578,833940,305293,2062,5512,4018,0.665%
fir,2048:1:32,27163089,15053144,6793348,3763456,22861,52290,51758,0.712%
kmean,2048:1:32,39450765,8338606,9865279,2084826,174469,14970,14475,1.585%
mm,2048:1:32,8399467,4416818,2102419,1104347,71668,8254,7315,2.492%
quicksort,2048:1:32,12497859,12511653,3128446,3131433,17917,27088,38212,0.719%
sobel,2048:1:32,5781465,2145012,1818292,538346,22494,32517,31349,2.334%
bfs_matrix,4096:1:32,7639783,4340310,1912534,1085235,129159,128242,129248,8.586%
bfs_pointer,4096:1:32,297361,132180,76933,33192,59,2481,17,2.306%
conv2D,4096:1:32,3325479,1220578,833940,305293,92,5074,1007,0.453%
fir,4096:1:32,27163089,15053144,6793348,3763456,18797,51286,50641,0.664%
kmean,4096:1:32,39450765,8338606,9865279,2084826,4524,14596,13704,0.160%
mm,4096:1:32,8399467,4416818,2102419,1104347,8165,7624,4668,0.492%
quicksort,4096:1:32,12497859,12511653,3128446,3131433,6422,21847,22859,0.452%
sobel,4096:1:32,5781465,2145012,1818292,538346,1598,13132,9727,0.625%
bfs_matrix,8192:1:32,7639783,4340310,1912534,1085235,128232,128126,128868,8.552%
bfs_pointer,8192:1:32,297361,132180,76933,33192,59,2481,17,2.306%
conv2D,8192:1:32,3325479,1220578,833940,305293,60,5042,18,0.448%
fir,8192:1:32,27163089,15053144,6793348,3763456,8617,50782,50084,0.563%
kmean,8192:1:32,39450765,8338606,9865279,2084826,545,10550,2587,0.093%
mm,8192:1:32,8399467,4416818,2102419,1104347,69,7483,29,0.236%
quicksort,8192:1:32,12497859,12511653,3128446,3131433,1120,19912,12339,0.336%
sobel,8192:1:32,5781465,2145012,1818292,538346,193,10919,2774,0.472%
bfs_matrix,16384:1:32,7639783,4340310,1912534,1085235,125718,128035,128512,8.465%
bfs_pointer,16384:1:32,297361,132180,76933,33192,59,2481,17,2.306%
conv2D,16384:1:32,3325479,1220578,833940,305293,60,5042,18,0.448%
fir,16384:1:32,27163089,15053144,6793348,3763456,8375,42975,34437,0.486%
kmean,16384:1:32,39450765,8338606,9865279,2084826,125,10479,79,0.089%
mm,16384:1:32,8399467,4416818,2102419,1104347,69,7483,27,0.236%
quicksort,16384:1:32,12497859,12511653,3128446,3131433,376,19461,3208,0.317%
sobel,16384:1:32,5781465,2145012,1818292,538346,128,10866,82,0.467%
bfs_matrix,32768:1:32,7639783,4340310,1912534,1085235,118057,127984,128257,8.207%
bfs_pointer,32768:1:32,297361,132180,76933,33192,59,2481,17,2.306%
conv2D,32768:1:32,3325479,1220578,833940,305293,60,5042,18,0.448%
fir,32768:1:32,27163089,15053144,6793348,3763456,388,34641,1931,0.332%
kmean,32768:1:32,39450765,8338606,9865279,2084826,125,10479,79,0.089%
mm,32768:1:32,8399467,4416818,2102419,1104347,69,7483,27,0.236%
quicksort,32768:1:32,12497859,12511653,3128446,3131433,203,19392,161,0.313%
sobel,32768:1:32,5781465,2145012,1818292,538346,128,10866,82,0.467%
bfs_matrix,65536:1:32,7639783,4340310,1912534,1085235,92354,127936,123373,7.348%
bfs_pointer,65536:1:32,297361,132180,76933,33192,59,2481,17,2.306%
conv2D,65536:1:32,3325479,1220578,833940,305293,60,5042,18,0.448%
fir,65536:1:32,27163089,15053144,6793348,3763456,312,34602,266,0.331%
kmean,65536:1:32,39450765,8338606,9865279,2084826,125,10479,79,0.089%
mm,65536:1:32,8399467,4416818,2102419,1104347,69,7483,27,0.236%
quicksort,65536:1:32,12497859,12511653,3128446,3131433,203,19392,161,0.313%
sobel,65536:1:32,5781465,2145012,1818292,538346,128,10866,82,0.467%
bfs_matrix,128:2:16,7639783,4340310,1912534,1085235,270637,263532,273599,17.819%
bfs_pointer,128:2:16,297361,132180,76933,33192,4340,5690,6898,9.108%
conv2D,128:2:16,3325479,1220578,833940,305293,6879,14742,15276,1.898%
fir,128:2:16,27163089,15053144,6793348,3763456,63467,119942,122635,1.737%
kmean,128:2:16,39450765,8338606,9865279,2084826,369983,34019,37830,3.381%
mm,128:2:16,8399467,4416818,2102419,1104347,315336,28473,29305,10.721%
quicksort,128:2:16,12497859,12511653,3128446,3131433,159634,115314,203777,4.392%
sobel,128:2:16,5781465,2145012,1818292,538346,21722,41194,42437,2.670%
bfs_matrix,256:2:16,7639783,4340310,1912534,1085235,267576,261034,269228,17.633%
bfs_pointer,256:2:16,297361,132180,76933,33192,3372,5486,6354,8.044%
conv2D,256:2:16,3325479,1220578,833940,305293,5056,12573,12669,1.547%
fir,256:2:16,27163089,15053144,6793348,3763456,41846,104679,106847,1.388%
kmean,256:2:16,39450765,8338606,9865279,2084826,361947,30174,32070,3.281%
mm,256:2:16,8399467,4416818,2102419,1104347,279341,20636,21163,9.355%
quicksort,256:2:16,12497859,12511653,3128446,3131433,119864,90078,157772,3.354%
sobel,256:2:16,5781465,2145012,1818292,538346,15573,37121,37701,2.236%
bfs_matrix,512:2:16,7639783,4340310,1912534,1085235,260205,257587,261442,17.273%
bfs_pointer,512:2:16,297361,132180,76933,33192,2421,5341,5831,7.048%
conv2D,512:2:16,3325479,1220578,833940,305293,3424,11062,10679,1.272%
fir,512:2:16,27163089,15053144,6793348,3763456,38087,102894,103481,1.335%
kmean,512:2:16,39450765,8338606,9865279,2084826,358765,29600,30033,3.250%
mm,512:2:16,8399467,4416818,2102419,1104347,275940,16717,16564,9.126%
quicksort,512:2:16,12497859,12511653,3128446,3131433,86740,72416,122863,2.542%
sobel,512:2:16,5781465,2145012,1818292,538346,13083,36380,36027,2.099%
bfs_matrix,1024:2:16,7639783,4340310,1912534,1085235,256288,255713,257998,17.079%
bfs_pointer,1024:2:16,297361,132180,76933,33192,1620,5118,4468,6.119%
conv2D,1024:2:16,3325479,1220578,833940,305293,2913,10678,9451,1.193%
fir,1024:2:16,27163089,15053144,6793348,3763456,34444,101898,101207,1.292%
kmean,1024:2:16,39450765,8338606,9865279,2084826,350830,29227,28670,3.180%
mm,1024:2:16,8399467,4416818,2102419,1104347,247546,16509,15714,8.234%
quicksort,1024:2:16,12497859,12511653,3128446,3131433,59013,59244,94594,1.889%
sobel,1024:2:16,5781465,2145012,1818292,538346,12338,35941,34626,2.049%
bfs_matrix,2048:2:16,7639783,4340310,1912534,1085235,254859,254814,256347,17.002%
bfs_pointer,2048:2:16,297361,132180,76933,33192,901,4997,2188,5.356%
conv2D,2048:2:16,3325479,1220578,833940,305293,2201,10401,7573,1.106%
fir,2048:2:16,27163089,15053144,6793348,3763456,33505,101318,99336,1.277%
kmean,2048:2:16,39450765,8338606,9865279,2084826,300538,28811,27439,2.756%
mm,2048:2:16,8399467,4416818,2102419,1104347,108391,16344,14475,3.890%
quicksort,2048:2:16,12497859,12511653,3128446,3131433,32514,48356,68187,1.292%
sobel,2048:2:16,5781465,2145012,1818292,538346,11229,34382,31551,1.935%
bfs_matrix,4096:2:16,7639783,4340310,1912534,1085235,253942,254410,255571,16.958%
bfs_pointer,4096:2:16,297361,132180,76933,33192,98,4935,451,4.570%
conv2D,4096:2:16,3325479,1220578,833940,305293,877,10267,4036,0.978%
fir,4096:2:16,27163089,15053144,6793348,3763456,32691,101042,97482,1.267%
kmean,4096:2:16,39450765,8338606,9865279,2084826,18640,27456,25605,0.386%
mm,4096:2:16,8399467,4416818,2102419,1104347,7888,15446,11307,0.728%
quicksort,4096:2:16,12497859,12511653,3128446,3131433,13055,42021,45684,0.880%
sobel,4096:2:16,5781465,2145012,1818292,538346,4980,28946,22726,1.440%
bfs_matrix,8192:2:16,7639783,4340310,1912534,1085235,252625,254234,255137,16.908%
bfs_pointer,8192:2:16,297361,132180,76933,33192,79,4926,1,4.545%
conv2D,8192:2:16,3325479,1220578,833940,305293,94,10059,948,0.891%
fir,8192:2:16,27163089,15053144,6793348,3763456,25852,99956,91937,1.192%
kmean,8192:2:16,39450765,8338606,9865279,2084826,2398,24950,11373,0.229%
mm,8192:2:16,8399467,4416818,2102419,1104347,1594,15020,3941,0.518%
quicksort,8192:2:16,12497859,12511653,3128446,3131433,4166,39289,27240,0.694%
sobel,8192:2:16,5781465,2145012,1818292,538346,801,23677,9715,1.039%
bfs_matrix,16384:2:16,7639783,4340310,1912534,1085235,248568,254105,254754,16.768%
bfs_pointer,16384:2:16,297361,132180,76933,33192,79,4926,1,4.545%
conv2D,16384:2:16,3325479,1220578,833940,305293,78,10046,1,0.889%
fir,16384:2:16,27163089,15053144,6793348,3763456,8439,92861,68168,0.960%
kmean,16384:2:16,39450765,8338606,9865279,2084826,352,20848,2359,0.177%
mm,16384:2:16,8399467,4416818,2102419,1104347,78,14910,1,0.467%
quicksort,16384:2:16,12497859,12511653,3128446,3131433,246,38598,12705,0.621%
sobel,16384:2:16,5781465,2145012,1818292,538346,118,21615,2604,0.922%
bfs_matrix,32768:2:16,7639783,4340310,1912534,1085235,233822,254002,253576,16.273%
bfs_pointer,32768:2:16,297361,132180,76933,33192,79,4926,1,4.545%
conv2D,32768:2:16,3325479,1220578,833940,305293,78,10046,1,0.889%
fir,32768:2:16,27163089,15053144,6793348,3763456,8064,76927,27193,0.805%
kmean,32768:2:16,39450765,8338606,9865279,2084826,82,20798,1,0.175%
mm,32768:2:16,8399467,4416818,2102419,1104347,78,14910,1,0.467%
quicksort,32768:2:16,12497859,12511653,3128446,3131433,122,38505,2901,0.617%
sobel,32768:2:16,5781465,2145012,1818292,538346,82,21566,1,0.919%
bfs_matrix,65536:2:16,7639783,4340310,1912534,1085235,184692,253894,230840,14.630%
bfs_pointer,65536:2:16,297361,132180,76933,33192,79,4926,1,4.545%
conv2D,65536:2:16,3325479,1220578,833940,305293,78,10046,1,0.889%
fir,65536:2:16,27163089,15053144,6793348,3763456,137,68703,1602,0.652%
kmean,65536:2:16,39450765,8338606,9865279,2084826,82,20798,1,0.175%
mm,65536:2:16,8399467,4416818,2102419,1104347,78,14910,1,0.467%
quicksort,65536:2:16,12497859,12511653,3128446,3131433,83,38470,5,0.616%
sobel,65536:2:16,5781465,2145012,1818292,538346,82,21566,1,0.919%
bfs_matrix,64:2:32,7639783,4340310,1912534,1085235,142207,134429,143092,9.228%
bfs_pointer,64:2:32,297361,132180,76933,33192,3871,2938,4087,6.183%
conv2D,64:2:32,3325479,1220578,833940,305293,3785,7498,7934,0.990%
fir,64:2:32,27163089,15053144,6793348,3763456,33502,60509,62996,0.891%
kmean,64:2:32,39450765,8338606,9865279,2084826,190523,17406,21057,1.740%
mm,64:2:32,8399467,4416818,2102419,1104347,368971,22425,23034,12.205%
quicksort,64:2:32,12497859,12511653,3128446,3131433,101150,68250,125645,2.706%
sobel,64:2:32,5781465,2145012,1818292,538346,13039,21734,22962,1.476%
bfs_matrix,128:2:32,7639783,4340310,1912534,1085235,140184,132612,140014,9.100%
bfs_pointer,128:2:32,297361,132180,76933,33192,3122,2782,3738,5.361%
conv2D,128:2:32,3325479,1220578,833940,305293,2796,6350,6525,0.803%
fir,128:2:32,27163089,15053144,6793348,3763456,22535,52750,54819,0.713%
kmean,128:2:32,39450765,8338606,9865279,2084826,183993,15345,17317,1.668%
mm,128:2:32,8399467,4416818,2102419,1104347,263999,10732,11160,8.567%
quicksort,128:2:32,12497859,12511653,3128446,3131433,71786,50837,92337,1.959%
sobel,128:2:32,5781465,2145012,1818292,538346,9129,19197,19926,1.202%
bfs_matrix,256:2:32,7639783,4340310,1912534,1085235,134897,129962,133905,8.835%
bfs_pointer,256:2:32,297361,132180,76933,33192,1959,2692,3374,4.223%
conv2D,256:2:32,3325479,1220578,833940,305293,1873,5581,5467,0.654%
fir,256:2:32,27163089,15053144,6793348,3763456,19846,51638,52348,0.677%
kmean,256:2:32,39450765,8338606,9865279,2084826,180748,14940,15624,1.638%
mm,256:2:32,8399467,4416818,2102419,1104347,259685,8654,8699,8.368%
quicksort,256:2:32,12497859,12511653,3128446,3131433,50302,39372,68947,1.433%
sobel,256:2:32,5781465,2145012,1818292,538346,7390,18667,18728,1.106%
bfs_matrix,512:2:32,7639783,4340310,1912534,1085235,131444,128769,130834,8.680%
bfs_pointer,512:2:32,297361,132180,76933,33192,964,2588,2417,3.225%
conv2D,512:2:32,3325479,1220578,833940,305293,1544,5365,4803,0.606%
fir,512:2:32,27163089,15053144,6793348,3763456,17703,51057,50949,0.651%
kmean,512:2:32,39450765,8338606,9865279,2084826,176044,14682,14660,1.596%
mm,512:2:32,8399467,4416818,2102419,1104347,229745,8456,8108,7.428%
quicksort,512:2:32,12497859,12511653,3128446,3131433,33228,31376,51527,1.032%
sobel,512:2:32,5781465,2145012,1818292,538346,6718,18323,17806,1.063%
bfs_matrix,1024:2:32,7639783,4340310,1912534,1085235,129067,127561,128917,8.561%
bfs_pointer,1024:2:32,297361,132180,76933,33192,467,2502,1109,2.696%
conv2D,1024:2:32,3325479,1220578,833940,305293,1159,5217,3829,0.560%
fir,1024:2:32,27163089,15053144,6793348,3763456,16946,50733,49852,0.641%
kmean,1024:2:32,39450765,8338606,9865279,2084826,150547,14463,13920,1.381%
mm,1024:2:32,8399467,4416818,2102419,1104347,111988,8299,7395,3.751%
quicksort,1024:2:32,12497859,12511653,3128446,3131433,17277,24668,35563,0.670%
sobel,1024:2:32,5781465,2145012,1818292,538346,6007,17463,16106,0.996%
bfs_matrix,2048:2:32,7639783,4340310,1912534,1085235,128213,127289,128303,8.523%
bfs_pointer,2048:2:32,297361,132180,76933,33192,56,2473,213,2.296%
conv2D,2048:2:32,3325479,1220578,833940,305293,443,5144,1989,0.490%
fir,2048:2:32,27163089,15053144,6793348,3763456,16448,50544,48801,0.635%
kmean,2048:2:32,39450765,8338606,9865279,2084826,9297,13738,12831,0.193%
mm,2048:2:32,8399467,4416818,2102419,1104347,3987,7747,5682,0.366%
quicksort,2048:2:32,12497859,12511653,3128446,3131433,6659,21054,23099,0.443%
sobel,2048:2:32,5781465,2145012,1818292,538346,2582,14537,11467,0.726%
bfs_matrix,4096:2:32,7639783,4340310,1912534,1085235,127225,127165,127904,8.486%
bfs_pointer,4096:2:32,297361,132180,76933,33192,46,2465,0,2.280%
conv2D,4096:2:32,3325479,1220578,833940,305293,55,5031,464,0.446%
fir,4096:2:32,27163089,15053144,6793348,3763456,12977,49990,45953,0.596%
kmean,4096:2:32,39450765,8338606,9865279,2084826,1225,12506,5782,0.115%
mm,4096:2:32,8399467,4416818,2102419,1104347,827,7507,2015,0.260%
quicksort,4096:2:32,12497859,12511653,3128446,3131433,2140,19631,13653,0.348%
sobel,4096:2:32,5781465,2145012,1818292,538346,420,11850,4876,0.521%
bfs_matrix,8192:2:32,7639783,4340310,1912534,1085235,124896,127074,127574,8.405%
bfs_pointer,8192:2:32,297361,132180,76933,33192,46,2465,0,2.280%
conv2D,8192:2:32,3325479,1220578,833940,305293,46,5025,0,0.445%
fir,8192:2:32,27163089,15053144,6793348,3763456,4293,46485,34202,0.481%
kmean,8192:2:32,39450765,8338606,9865279,2084826,196,10431,1166,0.089%
mm,8192:2:32,8399467,4416818,2102419,1104347,46,7457,0,0.234%
quicksort,8192:2:32,12497859,12511653,3128446,3131433,165,19310,6330,0.311%
sobel,8192:2:32,5781465,2145012,1818292,538346,82,10812,1324,0.462%
bfs_matrix,16384:2:32,7639783,4340310,1912534,1085235,117405,127012,126911,8.153%
bfs_pointer,16384:2:32,297361,132180,76933,33192,46,2465,0,2.280%
conv2D,16384:2:32,3325479,1220578,833940,305293,46,5025,0,0.445%
fir,16384:2:32,27163089,15053144,6793348,3763456,3965,38380,13337,0.401%
kmean,16384:2:32,39450765,8338606,9865279,2084826,50,10401,0,0.087%
mm,16384:2:32,8399467,4416818,2102419,1104347,46,7457,0,0.234%
quicksort,16384:2:32,12497859,12511653,3128446,3131433,85,19252,1490,0.309%
sobel,16384:2:32,5781465,2145012,1818292,538346,50,10785,0,0.460%
bfs_matrix,32768:2:32,7639783,4340310,1912534,1085235,92543,126947,115567,7.322%
bfs_pointer,32768:2:32,297361,132180,76933,33192,46,2465,0,2.280%
conv2D,32768:2:32,3325479,1220578,833940,305293,46,5025,0,0.445%
fir,32768:2:32,27163089,15053144,6793348,3763456,73,34353,820,0.326%
kmean,32768:2:32,39450765,8338606,9865279,2084826,50,10401,0,0.087%
mm,32768:2:32,8399467,4416818,2102419,1104347,46,7457,0,0.234%
quicksort,32768:2:32,12497859,12511653,3128446,3131433,50,19237,3,0.308%
sobel,32768:2:32,5781465,2145012,1818292,538346,50,10785,0,0.460%
bfs_matrix,64:4:16,7639783,4340310,1912534,1085235,268046,262142,271330,17.686%
bfs_pointer,64:4:16,297361,132180,76933,33192,4333,5706,6945,9.116%
conv2D,64:4:16,3325479,1220578,833940,305293,8641,15010,15542,2.076%
fir,64:4:16,27163089,15053144,6793348,3763456,64800,122248,124872,1.772%
kmean,64:4:16,39450765,8338606,9865279,2084826,366956,34530,38148,3.360%
mm,64:4:16,8399467,4416818,2102419,1104347,334000,24655,25496,11.184%
quicksort,64:4:16,12497859,12511653,3128446,3131433,153699,112969,198613,4.260%
sobel,64:4:16,5781465,2145012,1818292,538346,18506,40218,41272,2.492%
bfs_matrix,128:4:16,7639783,4340310,1912534,1085235,263989,259547,266276,17.464%
bfs_pointer,128:4:16,297361,132180,76933,33192,3441,5482,6430,8.103%
conv2D,128:4:16,3325479,1220578,833940,305293,5138,12616,12779,1.558%
fir,128:4:16,27163089,15053144,6793348,3763456,48828,109275,111218,1.498%
kmean,128:4:16,39450765,8338606,9865279,2084826,360314,31137,33028,3.276%
mm,128:4:16,8399467,4416818,2102419,1104347,271885,21845,22366,9.160%
quicksort,128:4:16,12497859,12511653,3128446,3131433,117366,89725,156250,3.308%
sobel,128:4:16,5781465,2145012,1818292,538346,15133,36801,37247,2.204%
bfs_matrix,256:4:16,7639783,4340310,1912534,1085235,260844,257619,262417,17.295%
bfs_pointer,256:4:16,297361,132180,76933,33192,2512,5335,5862,7.126%
conv2D,256:4:16,3325479,1220578,833940,305293,3767,11213,10923,1.315%
fir,256:4:16,27163089,15053144,6793348,3763456,36813,102460,103229,1.319%
kmean,256:4:16,39450765,8338606,9865279,2084826,356528,29467,30001,3.230%
mm,256:4:16,8399467,4416818,2102419,1104347,241502,18883,19212,8.120%
quicksort,256:4:16,12497859,12511653,3128446,3131433,87344,72046,122974,2.546%
sobel,256:4:16,5781465,2145012,1818292,538346,11699,35060,34762,1.984%
bfs_matrix,512:4:16,7639783,4340310,1912534,1085235,256487,255661,257941,17.084%
bfs_pointer,512:4:16,297361,132180,76933,33192,1689,5195,4567,6.251%
conv2D,512:4:16,3325479,1220578,833940,305293,2811,10577,9363,1.175%
fir,512:4:16,27163089,15053144,6793348,3763456,34950,101604,100870,1.294%
kmean,512:4:16,39450765,8338606,9865279,2084826,349938,29167,28650,3.172%
mm,512:4:16,8399467,4416818,2102419,1104347,239501,16468,15683,7.982%
quicksort,512:4:16,12497859,12511653,3128446,3131433,59820,59026,95027,1.899%
sobel,512:4:16,5781465,2145012,1818292,538346,10412,34555,33281,1.908%
bfs_matrix,1024:4:16,7639783,4340310,1912534,1085235,254867,254842,256417,17.003%
bfs_pointer,1024:4:16,297361,132180,76933,33192,942,5006,2514,5.401%
conv2D,1024:4:16,3325479,1220578,833940,305293,2140,10397,7624,1.100%
fir,1024:4:16,27163089,15053144,6793348,3763456,33306,101194,99069,1.274%
kmean,1024:4:16,39450765,8338606,9865279,2084826,289411,28665,27491,2.662%
mm,1024:4:16,8399467,4416818,2102419,1104347,109057,16277,14449,3.908%
quicksort,1024:4:16,12497859,12511653,3128446,3131433,35744,48868,70829,1.352%
sobel,1024:4:16,5781465,2145012,1818292,538346,9221,32940,30339,1.789%
bfs_matrix,2048:4:16,7639783,4340310,1912534,1085235,253975,254451,255635,16.960%
bfs_pointer,2048:4:16,297361,132180,76933,33192,492,4943,1014,4.935%
conv2D,2048:4:16,3325479,1220578,833940,305293,1103,10217,4521,0.994%
fir,2048:4:16,27163089,15053144,6793348,3763456,32483,100941,96771,1.264%
kmean,2048:4:16,39450765,8338606,9865279,2084826,26778,27073,25232,0.451%
mm,2048:4:16,8399467,4416818,2102419,1104347,7659,15447,11105,0.721%
quicksort,2048:4:16,12497859,12511653,3128446,3131433,16117,42496,48057,0.936%
sobel,2048:4:16,5781465,2145012,1818292,538346,5293,28945,22828,1.453%
bfs_matrix,4096:4:16,7639783,4340310,1912534,1085235,252508,254225,255126,16.904%
bfs_pointer,4096:4:16,297361,132180,76933,33192,85,4929,218,4.553%
conv2D,4096:4:16,3325479,1220578,833940,305293,404,10147,1989,0.926%
fir,4096:4:16,27163089,15053144,6793348,3763456,26933,99396,90285,1.197%
kmean,4096:4:16,39450765,8338606,9865279,2084826,6177,24683,14441,0.258%
mm,4096:4:16,8399467,4416818,2102419,1104347,2330,15136,5484,0.545%
quicksort,4096:4:16,12497859,12511653,3128446,3131433,6126,39708,29785,0.732%
sobel,4096:4:16,5781465,2145012,1818292,538346,1899,25002,12281,1.141%
bfs_matrix,8192:4:16,7639783,4340310,1912534,1085235,248525,254137,254787,16.768%
bfs_pointer,8192:4:16,297361,132180,76933,33192,79,4925,0,4.544%
conv2D,8192:4:16,3325479,1220578,833940,305293,89,10053,495,0.890%
fir,8192:4:16,27163089,15053144,6793348,3763456,13458,92476,67997,1.003%
kmean,8192:4:16,39450765,8338606,9865279,2084826,707,22855,4933,0.197%
mm,8192:4:16,8399467,4416818,2102419,1104347,720,14975,1887,0.489%
quicksort,8192:4:16,12497859,12511653,3128446,3131433,2088,38778,16017,0.653%
sobel,8192:4:16,5781465,2145012,1818292,538346,430,22637,4822,0.979%
bfs_matrix,16384:4:16,7639783,4340310,1912534,1085235,234160,254012,253135,16.285%
bfs_pointer,16384:4:16,297361,132180,76933,33192,79,4925,0,4.544%
conv2D,16384:4:16,3325479,1220578,833940,305293,78,10045,0,0.889%
fir,16384:4:16,27163089,15053144,6793348,3763456,4250,81246,33582,0.810%
kmean,16384:4:16,39450765,8338606,9865279,2084826,197,20815,1145,0.176%
mm,16384:4:16,8399467,4416818,2102419,1104347,78,14909,0,0.467%
quicksort,16384:4:16,12497859,12511653,3128446,3131433,165,38540,6777,0.618%
sobel,16384:4:16,5781465,2145012,1818292,538346,107,21586,1288,0.921%
bfs_matrix,32768:4:16,7639783,4340310,1912534,1085235,187620,253926,228643,14.729%
bfs_pointer,32768:4:16,297361,132180,76933,33192,79,4925,0,4.544%
conv2D,32768:4:16,3325479,1220578,833940,305293,78,10045,0,0.889%
fir,32768:4:16,27163089,15053144,6793348,3763456,4019,72927,11868,0.729%
kmean,32768:4:16,39450765,8338606,9865279,2084826,82,20797,0,0.175%
mm,32768:4:16,8399467,4416818,2102419,1104347,78,14909,0,0.467%
quicksort,32768:4:16,12497859,12511653,3128446,3131433,103,38474,1486,0.616%
sobel,32768:4:16,5781465,2145012,1818292,538346,82,21565,0,0.919%
bfs_matrix,32:4:32,7639783,4340310,1912534,1085235,140163,133138,141023,9.117%
bfs_pointer,32:4:32,297361,132180,76933,33192,3835,2935,4096,6.148%
conv2D,32:4:32,3325479,1220578,833940,305293,4600,7743,8154,1.083%
fir,32:4:32,27163089,15053144,6793348,3763456,34078,61554,63881,0.906%
kmean,32:4:32,39450765,8338606,9865279,2084826,188746,17510,21509,1.726%
mm,32:4:32,8399467,4416818,2102419,1104347,342970,16636,17247,11.214%
quicksort,32:4:32,12497859,12511653,3128446,3131433,92539,64938,117945,2.516%
sobel,32:4:32,5781465,2145012,1818292,538346,9966,20410,21324,1.289%
bfs_matrix,64:4:32,7639783,4340310,1912534,1085235,137406,131312,137423,8.964%
bfs_pointer,64:4:32,297361,132180,76933,33192,3085,2802,3805,5.346%
conv2D,64:4:32,3325479,1220578,833940,305293,2693,6427,6638,0.801%
fir,64:4:32,27163089,15053144,6793348,3763456,25796,54901,56611,0.764%
kmean,64:4:32,39450765,8338606,9865279,2084826,182460,15763,17599,1.659%
mm,64:4:32,8399467,4416818,2102419,1104347,175158,11834,12264,5.831%
quicksort,64:4:32,12497859,12511653,3128446,3131433,68400,49974,89322,1.891%
sobel,64:4:32,5781465,2145012,1818292,538346,8117,18673,19169,1.137%
bfs_matrix,128:4:32,7639783,4340310,1912534,1085235,135386,129989,134834,8.852%
bfs_pointer,128:4:32,297361,132180,76933,33192,2027,2705,3414,4.297%
conv2D,128:4:32,3325479,1220578,833940,305293,1993,5630,5562,0.669%
fir,128:4:32,27163089,15053144,6793348,3763456,19393,51473,52327,0.671%
kmean,128:4:32,39450765,8338606,9865279,2084826,179378,14825,15579,1.625%
mm,128:4:32,8399467,4416818,2102419,1104347,151316,9723,10000,5.022%
quicksort,128:4:32,12497859,12511653,3128446,3131433,49466,38885,67853,1.411%
sobel,128:4:32,5781465,2145012,1818292,538346,6387,17810,17816,1.027%
bfs_matrix,256:4:32,7639783,4340310,1912534,1085235,131037,128326,130555,8.652%
bfs_pointer,256:4:32,297361,132180,76933,33192,1078,2616,2506,3.354%
conv2D,256:4:32,3325479,1220578,833940,305293,1510,5290,4746,0.597%
fir,256:4:32,27163089,15053144,6793348,3763456,17927,50913,50771,0.652%
kmean,256:4:32,39450765,8338606,9865279,2084826,175480,14629,14625,1.591%
mm,256:4:32,8399467,4416818,2102419,1104347,149533,8334,7972,4.923%
quicksort,256:4:32,12497859,12511653,3128446,3131433,33256,30971,51098,1.026%
sobel,256:4:32,5781465,2145012,1818292,538346,5540,17493,16912,0.977%
bfs_matrix,512:4:32,7639783,4340310,1912534,1085235,129162,127678,129080,8.568%
bfs_pointer,512:4:32,297361,132180,76933,33192,560,2522,1352,2.799%
conv2D,512:4:32,3325479,1220578,833940,305293,1114,5213,3801,0.555%
fir,512:4:32,27163089,15053144,6793348,3763456,16880,50657,49733,0.640%
kmean,512:4:32,39450765,8338606,9865279,2084826,144681,14341,13886,1.331%
mm,512:4:32,8399467,4416818,2102419,1104347,73775,8211,7325,2.557%
quicksort,512:4:32,12497859,12511653,3128446,3131433,18871,24980,36907,0.701%
sobel,512:4:32,5781465,2145012,1818292,538346,4926,16678,15429,0.917%
bfs_matrix,1024:4:32,7639783,4340310,1912534,1085235,128156,127307,128312,8.522%
bfs_pointer,1024:4:32,297361,132180,76933,33192,260,2478,528,2.486%
conv2D,1024:4:32,3325479,1220578,833940,305293,622,5112,2297,0.503%
fir,1024:4:32,27163089,15053144,6793348,3763456,16368,50478,48505,0.633%
kmean,1024:4:32,39450765,8338606,9865279,2084826,13446,13534,12644,0.226%
mm,1024:4:32,8399467,4416818,2102419,1104347,3997,7748,5672,0.366%
quicksort,1024:4:32,12497859,12511653,3128446,3131433,8235,21310,24361,0.472%
sobel,1024:4:32,5781465,2145012,1818292,538346,2707,14439,11399,0.728%
bfs_matrix,2048:4:32,7639783,4340310,1912534,1085235,127140,127175,127910,8.483%
bfs_pointer,2048:4:32,297361,132180,76933,33192,51,2468,126,2.287%
conv2D,2048:4:32,3325479,1220578,833940,305293,235,5068,1010,0.465%
fir,2048:4:32,27163089,15053144,6793348,3763456,13604,49733,45266,0.600%
kmean,2048:4:32,39450765,8338606,9865279,2084826,3109,12337,7180,0.129%
mm,2048:4:32,8399467,4416818,2102419,1104347,1136,7561,2751,0.271%
quicksort,2048:4:32,12497859,12511653,3128446,3131433,3149,19856,15001,0.367%
sobel,2048:4:32,5781465,2145012,1818292,538346,979,12495,6139,0.572%
bfs_matrix,4096:4:32,7639783,4340310,1912534,1085235,124834,127072,127542,8.403%
bfs_pointer,4096:4:32,297361,132180,76933,33192,46,2465,0,2.280%
conv2D,4096:4:32,3325479,1220578,833940,305293,55,5030,233,0.446%
fir,4096:4:32,27163089,15053144,6793348,3763456,6753,46355,34159,0.503%
kmean,4096:4:32,39450765,8338606,9865279,2084826,357,11422,2449,0.099%
mm,4096:4:32,8399467,4416818,2102419,1104347,379,7483,973,0.245%
quicksort,4096:4:32,12497859,12511653,3128446,3131433,1025,19395,7935,0.326%
sobel,4096:4:32,5781465,2145012,1818292,538346,256,11384,2515,0.494%
bfs_matrix,8192:4:32,7639783,4340310,1912534,1085235,117317,127026,126680,8.151%
bfs_pointer,8192:4:32,297361,132180,76933,33192,46,2465,0,2.280%
conv2D,8192:4:32,3325479,1220578,833940,305293,46,5025,0,0.445%
fir,8192:4:32,27163089,15053144,6793348,3763456,2169,40599,16713,0.405%
kmean,8192:4:32,39450765,8338606,9865279,2084826,110,10414,590,0.088%
mm,8192:4:32,8399467,4416818,2102419,1104347,46,7457,0,0.234%
quicksort,8192:4:32,12497859,12511653,3128446,3131433,104,19275,3369,0.310%
sobel,8192:4:32,5781465,2145012,1818292,538346,60,10797,657,0.461%
bfs_matrix,16384:4:32,7639783,4340310,1912534,1085235,93880,126970,114178,7.367%
bfs_pointer,16384:4:32,297361,132180,76933,33192,46,2465,0,2.280%
conv2D,16384:4:32,3325479,1220578,833940,305293,46,5025,0,0.445%
fir,16384:4:32,27163089,15053144,6793348,3763456,2125,36416,5993,0.365%
kmean,16384:4:32,39450765,8338606,9865279,2084826,50,10401,0,0.087%
mm,16384:4:32,8399467,4416818,2102419,1104347,46,7457,0,0.234%
quicksort,16384:4:32,12497859,12511653,3128446,3131433,58,19245,716,0.308%
sobel,16384:4:32,5781465,2145012,1818292,538346,50,10785,0,0.460%
bfs_matrix,32:8:16,7639783,4340310,1912534,1085235,266345,261620,270005,17.612%
bfs_pointer,32:8:16,297361,132180,76933,33192,4277,5702,6950,9.062%
conv2D,32:8:16,3325479,1220578,833940,305293,9205,15066,15595,2.130%
fir,32:8:16,27163089,15053144,6793348,3763456,66715,123116,125843,1.798%
kmean,32:8:16,39450765,8338606,9865279,2084826,366134,34639,38290,3.354%
mm,32:8:16,8399467,4416818,2102419,1104347,343976,24304,25124,11.484%
quicksort,32:8:16,12497859,12511653,3128446,3131433,153418,112695,198740,4.251%
sobel,32:8:16,5781465,2145012,1818292,538346,18436,40096,41126,2.484%
bfs_matrix,64:8:16,7639783,4340310,1912534,1085235,262149,259054,264857,17.386%
bfs_pointer,64:8:16,297361,132180,76933,33192,3474,5506,6475,8.154%
conv2D,64:8:16,3325479,1220578,833940,305293,5707,13052,13218,1.647%
fir,64:8:16,27163089,15053144,6793348,3763456,51458,110983,112781,1.539%
kmean,64:8:16,39450765,8338606,9865279,2084826,359825,31551,33385,3.275%
mm,64:8:16,8399467,4416818,2102419,1104347,283535,21735,22311,9.520%
quicksort,64:8:16,12497859,12511653,3128446,3131433,117439,90626,157444,3.324%
sobel,64:8:16,5781465,2145012,1818292,538346,14040,37118,37507,2.171%
bfs_matrix,128:8:16,7639783,4340310,1912534,1085235,258815,256963,260684,17.205%
bfs_pointer,128:8:16,297361,132180,76933,33192,2517,5362,5882,7.155%
conv2D,128:8:16,3325479,1220578,833940,305293,3874,11357,11088,1.337%
fir,128:8:16,27163089,15053144,6793348,3763456,40454,104489,105089,1.373%
kmean,128:8:16,39450765,8338606,9865279,2084826,356160,29905,30476,3.231%
mm,128:8:16,8399467,4416818,2102419,1104347,238629,19547,19916,8.051%
quicksort,128:8:16,12497859,12511653,3128446,3131433,87229,72842,123730,2.557%
sobel,128:8:16,5781465,2145012,1818292,538346,11794,35273,34919,1.997%
bfs_matrix,256:8:16,7639783,4340310,1912534,1085235,256600,255643,258139,17.087%
bfs_pointer,256:8:16,297361,132180,76933,33192,1655,5157,4497,6.186%
conv2D,256:8:16,3325479,1220578,833940,305293,2992,10661,9699,1.198%
fir,256:8:16,27163089,15053144,6793348,3763456,34556,101551,100891,1.289%
kmean,256:8:16,39450765,8338606,9865279,2084826,348042,29102,28688,3.156%
mm,256:8:16,8399467,4416818,2102419,1104347,114998,17875,18023,4.144%
quicksort,256:8:16,12497859,12511653,3128446,3131433,61197,59540,96594,1.929%
sobel,256:8:16,5781465,2145012,1818292,538346,10058,34192,32953,1.878%
bfs_matrix,512:8:16,7639783,4340310,1912534,1085235,254957,254851,256401,17.006%
bfs_pointer,512:8:16,297361,132180,76933,33192,1026,5036,2673,5.505%
conv2D,512:8:16,3325479,1220578,833940,305293,2155,10363,7577,1.099%
fir,512:8:16,27163089,15053144,6793348,3763456,33743,101154,98990,1.278%
kmean,512:8:16,39450765,8338606,9865279,2084826,285112,28679,27603,2.626%
mm,512:8:16,8399467,4416818,2102419,1104347,108330,16219,14390,3.884%
quicksort,512:8:16,12497859,12511653,3128446,3131433,37006,49140,71861,1.376%
sobel,512:8:16,5781465,2145012,1818292,538346,8566,32491,29885,1.742%
bfs_matrix,1024:8:16,7639783,4340310,1912534,1085235,253930,254417,255583,16.958%
bfs_pointer,1024:8:16,297361,132180,76933,33192,537,4968,1273,4.999%
conv2D,1024:8:16,3325479,1220578,833940,305293,1208,10229,4706,1.004%
fir,1024:8:16,27163089,15053144,6793348,3763456,32430,100903,96574,1.263%
kmean,1024:8:16,39450765,8338606,9865279,2084826,32691,26980,25198,0.499%
mm,1024:8:16,8399467,4416818,2102419,1104347,8006,15378,11164,0.729%
quicksort,1024:8:16,12497859,12511653,3128446,3131433,17973,42760,49579,0.970%
sobel,1024:8:16,5781465,2145012,1818292,538346,5304,29086,23156,1.459%
bfs_matrix,2048:8:16,7639783,4340310,1912534,1085235,252583,254234,255149,16.906%
bfs_pointer,2048:8:16,297361,132180,76933,33192,274,4928,514,4.724%
conv2D,2048:8:16,3325479,1220578,833940,305293,611,10151,2518,0.945%
fir,2048:8:16,27163089,15053144,6793348,3763456,27475,99041,89843,1.198%
kmean,2048:8:16,39450765,8338606,9865279,2084826,8360,24547,15710,0.275%
mm,2048:8:16,8399467,4416818,2102419,1104347,2649,15120,6104,0.554%
quicksort,2048:8:16,12497859,12511653,3128446,3131433,7317,39816,30904,0.753%
sobel,2048:8:16,5781465,2145012,1818292,538346,2054,25224,12811,1.157%
bfs_matrix,4096:8:16,7639783,4340310,1912534,1085235,248523,254099,254780,16.767%
bfs_pointer,4096:8:16,297361,132180,76933,33192,82,4926,114,4.548%
conv2D,4096:8:16,3325479,1220578,833940,305293,242,10073,1003,0.905%
fir,4096:8:16,27163089,15053144,6793348,3763456,15298,92158,68413,1.018%
kmean,4096:8:16,39450765,8338606,9865279,2084826,2148,22743,6302,0.208%
mm,4096:8:16,8399467,4416818,2102419,1104347,975,15009,2570,0.498%
quicksort,4096:8:16,12497859,12511653,3128446,3131433,2858,38899,17343,0.667%
sobel,4096:8:16,5781465,2145012,1818292,538346,831,23242,6114,1.021%
bfs_matrix,8192:8:16,7639783,4340310,1912534,1085235,233934,254025,252942,16.277%
bfs_pointer,8192:8:16,297361,132180,76933,33192,79,4925,0,4.544%
conv2D,8192:8:16,3325479,1220578,833940,305293,81,10047,264,0.889%
fir,8192:8:16,27163089,15053144,6793348,3763456,5638,81959,36344,0.830%
kmean,8192:8:16,39450765,8338606,9865279,2084826,258,21801,2266,0.185%
mm,8192:8:16,8399467,4416818,2102419,1104347,360,14935,906,0.477%
quicksort,8192:8:16,12497859,12511653,3128446,3131433,1117,38583,8632,0.634%
sobel,8192:8:16,5781465,2145012,1818292,538346,233,22139,2449,0.949%
bfs_matrix,16384:8:16,7639783,4340310,1912534,1085235,189005,253938,227983,14.776%
bfs_pointer,16384:8:16,297361,132180,76933,33192,79,4925,0,4.544%
conv2D,16384:8:16,3325479,1220578,833940,305293,78,10045,0,0.889%
fir,16384:8:16,27163089,15053144,6793348,3763456,2091,74889,15658,0.729%
kmean,16384:8:16,39450765,8338606,9865279,2084826,121,20812,487,0.175%
mm,16384:8:16,8399467,4416818,2102419,1104347,78,14909,0,0.467%
quicksort,16384:8:16,12497859,12511653,3128446,3131433,106,38500,3364,0.617%
sobel,16384:8:16,5781465,2145012,1818292,538346,90,21571,601,0.919%
bfs_matrix,16:8:32,7639783,4340310,1912534,1085235,138569,132684,139749,9.048%
bfs_pointer,16:8:32,297361,132180,76933,33192,3820,2926,4103,6.126%
conv2D,16:8:32,3325479,1220578,833940,305293,4920,7673,8090,1.105%
fir,16:8:32,27163089,15053144,6793348,3763456,34848,61953,64165,0.917%
kmean,16:8:32,39450765,8338606,9865279,2084826,186793,17465,20993,1.709%
mm,16:8:32,8399467,4416818,2102419,1104347,352904,14976,15527,11.472%
quicksort,16:8:32,12497859,12511653,3128446,3131433,91744,64716,117405,2.499%
sobel,16:8:32,5781465,2145012,1818292,538346,9865,20362,21233,1.283%
bfs_matrix,32:8:32,7639783,4340310,1912534,1085235,135466,130681,135810,8.878%
bfs_pointer,32:8:32,297361,132180,76933,33192,3093,2829,3816,5.378%
conv2D,32:8:32,3325479,1220578,833940,305293,3075,6548,6748,0.845%
fir,32:8:32,27163089,15053144,6793348,3763456,26799,55615,57158,0.781%
kmean,32:8:32,39450765,8338606,9865279,2084826,181900,15958,17829,1.656%
mm,32:8:32,8399467,4416818,2102419,1104347,182555,11568,11994,6.054%
quicksort,32:8:32,12497859,12511653,3128446,3131433,68156,50287,89423,1.892%
sobel,32:8:32,5781465,2145012,1818292,538346,7590,18744,19191,1.117%
bfs_matrix,64:8:32,7639783,4340310,1912534,1085235,132787,129248,132748,8.741%
bfs_pointer,64:8:32,297361,132180,76933,33192,2066,2713,3446,4.340%
conv2D,64:8:32,3325479,1220578,833940,305293,2117,5736,5683,0.689%
fir,64:8:32,27163089,15053144,6793348,3763456,20909,52547,53239,0.696%
kmean,64:8:32,39450765,8338606,9865279,2084826,178957,15028,15775,1.623%
mm,64:8:32,8399467,4416818,2102419,1104347,135458,9998,10256,4.536%
quicksort,64:8:32,12497859,12511653,3128446,3131433,49198,39258,67972,1.413%
sobel,64:8:32,5781465,2145012,1818292,538346,6292,17885,17833,1.026%
bfs_matrix,128:8:32,7639783,4340310,1912534,1085235,130950,128263,130647,8.647%
bfs_pointer,128:8:32,297361,132180,76933,33192,1110,2616,2535,3.383%
conv2D,128:8:32,3325479,1220578,833940,305293,1534,5346,4893,0.604%
fir,128:8:32,27163089,15053144,6793348,3763456,17638,50834,50754,0.649%
kmean,128:8:32,39450765,8338606,9865279,2084826,174494,14588,14639,1.582%
mm,128:8:32,8399467,4416818,2102419,1104347,65885,9052,9189,2.337%
quicksort,128:8:32,12497859,12511653,3128446,3131433,33737,31168,51723,1.037%
sobel,128:8:32,5781465,2145012,1818292,538346,5268,17287,16736,0.957%
bfs_matrix,256:8:32,7639783,4340310,1912534,1085235,129147,127637,129004,8.566%
bfs_pointer,256:8:32,297361,132180,76933,33192,558,2532,1423,2.806%
conv2D,256:8:32,3325479,1220578,833940,305293,1107,5155,3762,0.550%
fir,256:8:32,27163089,15053144,6793348,3763456,17036,50597,49646,0.641%
kmean,256:8:32,39450765,8338606,9865279,2084826,142949,14345,13908,1.316%
mm,256:8:32,8399467,4416818,2102419,1104347,61962,8168,7266,2.187%
quicksort,256:8:32,12497859,12511653,3128446,3131433,19546,25138,37554,0.714%
sobel,256:8:32,5781465,2145012,1818292,538346,4478,16412,15159,0.886%
bfs_matrix,512:8:32,7639783,4340310,1912534,1085235,128196,127283,128346,8.522%
bfs_pointer,512:8:32,297361,132180,76933,33192,278,2492,653,2.515%
conv2D,512:8:32,3325479,1220578,833940,305293,659,5128,2438,0.508%
fir,512:8:32,27163089,15053144,6793348,3763456,16289,50480,48351,0.632%
kmean,512:8:32,39450765,8338606,9865279,2084826,16090,13489,12649,0.248%
mm,512:8:32,8399467,4416818,2102419,1104347,4175,7697,5648,0.370%
quicksort,512:8:32,12497859,12511653,3128446,3131433,9404,21503,25359,0.494%
sobel,512:8:32,5781465,2145012,1818292,538346,2668,14556,11626,0.731%
bfs_matrix,1024:8:32,7639783,4340310,1912534,1085235,127090,127151,127896,8.481%
bfs_pointer,1024:8:32,297361,132180,76933,33192,155,2472,254,2.385%
conv2D,1024:8:32,3325479,1220578,833940,305293,292,5069,1219,0.471%
fir,1024:8:32,27163089,15053144,6793348,3763456,13725,49533,44893,0.599%
kmean,1024:8:32,39450765,8338606,9865279,2084826,4152,12285,7916,0.138%
mm,1024:8:32,8399467,4416818,2102419,1104347,1297,7563,3008,0.276%
quicksort,1024:8:32,12497859,12511653,3128446,3131433,3700,19902,15493,0.377%
sobel,1024:8:32,5781465,2145012,1818292,538346,1061,12677,6520,0.583%
bfs_matrix,2048:8:32,7639783,4340310,1912534,1085235,124900,127062,127537,8.405%
bfs_pointer,2048:8:32,297361,132180,76933,33192,49,2466,50,2.284%
conv2D,2048:8:32,3325479,1220578,833940,305293,142,5046,511,0.455%
fir,2048:8:32,27163089,15053144,6793348,3763456,7671,46168,34224,0.510%
kmean,2048:8:32,39450765,8338606,9865279,2084826,1064,11421,3181,0.104%
mm,2048:8:32,8399467,4416818,2102419,1104347,502,7496,1346,0.249%
quicksort,2048:8:32,12497859,12511653,3128446,3131433,1393,19428,8656,0.333%
sobel,2048:8:32,5781465,2145012,1818292,538346,425,11650,3022,0.512%
bfs_matrix,4096:8:32,7639783,4340310,1912534,1085235,117403,127034,126541,8.154%
bfs_pointer,4096:8:32,297361,132180,76933,33192,46,2465,0,2.280%
conv2D,4096:8:32,3325479,1220578,833940,305293,47,5025,137,0.445%
fir,4096:8:32,27163089,15053144,6793348,3763456,2818,40932,18030,0.414%
kmean,4096:8:32,39450765,8338606,9865279,2084826,146,10888,1121,0.092%
mm,4096:8:32,8399467,4416818,2102419,1104347,195,7466,435,0.239%
quicksort,4096:8:32,12497859,12511653,3128446,3131433,555,19296,4290,0.317%
sobel,4096:8:32,5781465,2145012,1818292,538346,128,11024,1150,0.473%
bfs_matrix,8192:8:32,7639783,4340310,1912534,1085235,94495,126977,114074,7.388%
bfs_pointer,8192:8:32,297361,132180,76933,33192,46,2465,0,2.280%
conv2D,8192:8:32,3325479,1220578,833940,305293,46,5025,0,0.445%
fir,8192:8:32,27163089,15053144,6793348,3763456,1015,37401,7679,0.364%
kmean,8192:8:32,39450765,8338606,9865279,2084826,83,10409,309,0.088%
mm,8192:8:32,8399467,4416818,2102419,1104347,46,7457,0,0.234%
quicksort,8192:8:32,12497859,12511653,3128446,3131433,76,19256,1700,0.309%
sobel,8192:8:32,5781465,2145012,1818292,538346,56,10787,341,0.460%
bfs_matrix,16:16:16,7639783,4340310,1912534,1085235,265526,261442,269421,17.579%
bfs_pointer,16:16:16,297361,132180,76933,33192,4281,5720,6973,9.081%
conv2D,16:16:16,3325479,1220578,833940,305293,9204,15012,15595,2.126%
fir,16:16:16,27163089,15053144,6793348,3763456,65614,123048,125697,1.787%
kmean,16:16:16,39450765,8338606,9865279,2084826,365689,34669,38294,3.350%
mm,16:16:16,8399467,4416818,2102419,1104347,356305,24446,25248,11.873%
quicksort,16:16:16,12497859,12511653,3128446,3131433,153550,112980,199451,4.258%
sobel,16:16:16,5781465,2145012,1818292,538346,18819,40213,41231,2.505%
bfs_matrix,32:16:16,7639783,4340310,1912534,1085235,261400,258715,264172,17.350%
bfs_pointer,32:16:16,297361,132180,76933,33192,3440,5523,6501,8.139%
conv2D,32:16:16,3325479,1220578,833940,305293,6203,13170,13408,1.701%
fir,32:16:16,27163089,15053144,6793348,3763456,52581,112148,113942,1.560%
kmean,32:16:16,39450765,8338606,9865279,2084826,359994,31686,33583,3.278%
mm,32:16:16,8399467,4416818,2102419,1104347,289529,21903,22463,9.712%
quicksort,32:16:16,12497859,12511653,3128446,3131433,117999,91194,158371,3.342%
sobel,32:16:16,5781465,2145012,1818292,538346,14586,37101,37556,2.193%
bfs_matrix,64:16:16,7639783,4340310,1912534,1085235,258329,256761,260309,17.182%
bfs_pointer,64:16:16,297361,132180,76933,33192,2587,5373,5944,7.228%
conv2D,64:16:16,3325479,1220578,833940,305293,4217,11547,11310,1.384%
fir,64:16:16,27163089,15053144,6793348,3763456,42233,105592,106142,1.400%
kmean,64:16:16,39450765,8338606,9865279,2084826,355935,30171,30740,3.231%
mm,64:16:16,8399467,4416818,2102419,1104347,243530,19628,19936,8.206%
quicksort,64:16:16,12497859,12511653,3128446,3131433,87684,73338,124658,2.572%
sobel,64:16:16,5781465,2145012,1818292,538346,11562,35585,35270,2.001%
bfs_matrix,128:16:16,7639783,4340310,1912534,1085235,256160,255542,257780,17.069%
bfs_pointer,128:16:16,297361,132180,76933,33192,1765,5179,4601,6.306%
conv2D,128:16:16,3325479,1220578,833940,305293,3059,10751,9813,1.212%
fir,128:16:16,27163089,15053144,6793348,3763456,36420,102600,101969,1.317%
kmean,128:16:16,39450765,8338606,9865279,2084826,347367,29373,28994,3.153%
mm,128:16:16,8399467,4416818,2102419,1104347,115151,18135,18279,4.156%
quicksort,128:16:16,12497859,12511653,3128446,3131433,61514,60289,97604,1.946%
sobel,128:16:16,5781465,2145012,1818292,538346,10314,34418,33248,1.898%
bfs_matrix,256:16:16,7639783,4340310,1912534,1085235,255009,254818,256443,17.007%
bfs_pointer,256:16:16,297361,132180,76933,33192,1059,5039,2792,5.537%
conv2D,256:16:16,3325479,1220578,833940,305293,2153,10417,7785,1.103%
fir,256:16:16,27163089,15053144,6793348,3763456,33558,101200,99127,1.277%
kmean,256:16:16,39450765,8338606,9865279,2084826,283038,28644,27612,2.608%
mm,256:16:16,8399467,4416818,2102419,1104347,12229,15932,15186,0.878%
quicksort,256:16:16,12497859,12511653,3128446,3131433,37851,49640,72954,1.398%
sobel,256:16:16,5781465,2145012,1818292,538346,8399,32398,29830,1.731%
bfs_matrix,512:16:16,7639783,4340310,1912534,1085235,253850,254450,255586,16.956%
bfs_pointer,512:16:16,297361,132180,76933,33192,542,4970,1320,5.005%
conv2D,512:16:16,3325479,1220578,833940,305293,1340,10247,4937,1.017%
fir,512:16:16,27163089,15053144,6793348,3763456,32517,100861,96383,1.263%
kmean,512:16:16,39450765,8338606,9865279,2084826,37125,27030,25316,0.537%
mm,512:16:16,8399467,4416818,2102419,1104347,8675,15337,11287,0.749%
quicksort,512:16:16,12497859,12511653,3128446,3131433,18833,42894,50422,0.986%
sobel,512:16:16,5781465,2145012,1818292,538346,5097,29015,23111,1.447%
bfs_matrix,1024:16:16,7639783,4340310,1912534,1085235,252500,254217,255134,16.903%
bfs_pointer,1024:16:16,297361,132180,76933,33192,337,4936,653,4.788%
conv2D,1024:16:16,3325479,1220578,833940,305293,646,10129,2546,0.946%
fir,1024:16:16,27163089,15053144,6793348,3763456,27598,98945,89606,1.199%
kmean,1024:16:16,39450765,8338606,9865279,2084826,9394,24603,16534,0.284%
mm,1024:16:16,8399467,4416818,2102419,1104347,2807,15101,6289,0.558%
quicksort,1024:16:16,12497859,12511653,3128446,3131433,7915,39868,31462,0.763%
sobel,1024:16:16,5781465,2145012,1818292,538346,2305,25510,13555,1.180%
bfs_matrix,2048:16:16,7639783,4340310,1912534,1085235,248409,254103,254765,16.763%
bfs_pointer,2048:16:16,297361,132180,76933,33192,160,4926,264,4.618%
conv2D,2048:16:16,3325479,1220578,833940,305293,335,10093,1236,0.915%
fir,2048:16:16,27163089,15053144,6793348,3763456,16189,92027,68663,1.025%
kmean,2048:16:16,39450765,8338606,9865279,2084826,2788,22877,7151,0.215%
mm,2048:16:16,8399467,4416818,2102419,1104347,1164,14986,3061,0.504%
quicksort,2048:16:16,12497859,12511653,3128446,3131433,3280,38850,17924,0.673%
sobel,2048:16:16,5781465,2145012,1818292,538346,886,23410,6648,1.031%
bfs_matrix,4096:16:16,7639783,4340310,1912534,1085235,233879,254005,252733,16.275%
bfs_pointer,4096:16:16,297361,132180,76933,33192,79,4925,54,4.544%
conv2D,4096:16:16,3325479,1220578,833940,305293,160,10063,485,0.897%
fir,4096:16:16,27163089,15053144,6793348,3763456,6526,82438,37940,0.843%
kmean,4096:16:16,39450765,8338606,9865279,2084826,890,21850,2963,0.190%
mm,4096:16:16,8399467,4416818,2102419,1104347,522,14962,1319,0.483%
quicksort,4096:16:16,12497859,12511653,3128446,3131433,1426,38607,9163,0.640%
sobel,4096:16:16,5781465,2145012,1818292,538346,450,22442,3077,0.971%
bfs_matrix,8192:16:16,7639783,4340310,1912534,1085235,190443,253923,228432,14.823%
bfs_pointer,8192:16:16,297361,132180,76933,33192,79,4925,0,4.544%
conv2D,8192:16:16,3325479,1220578,833940,305293,79,10046,100,0.889%
fir,8192:16:16,27163089,15053144,6793348,3763456,2449,75451,17366,0.738%
kmean,8192:16:16,39450765,8338606,9865279,2084826,134,21341,1126,0.180%
mm,8192:16:16,8399467,4416818,2102419,1104347,187,14928,394,0.471%
quicksort,8192:16:16,12497859,12511653,3128446,3131433,575,38518,4341,0.625%
sobel,8192:16:16,5781465,2145012,1818292,538346,159,21815,1132,0.932%
bfs_matrix,8:16:32,7639783,4340310,1912534,1085235,137712,132421,139063,9.011%
bfs_pointer,8:16:32,297361,132180,76933,33192,3821,2965,4123,6.162%
conv2D,8:16:32,3325479,1220578,833940,305293,4884,7755,8170,1.109%
fir,8:16:32,27163089,15053144,6793348,3763456,34339,61912,64106,0.912%
kmean,8:16:32,39450765,8338606,9865279,2084826,186172,17499,20932,1.704%
mm,8:16:32,8399467,4416818,2102419,1104347,367198,14784,15371,11.912%
quicksort,8:16:32,12497859,12511653,3128446,3131433,91866,64891,117762,2.504%
sobel,8:16:32,5781465,2145012,1818292,538346,10028,20506,21300,1.296%
bfs_matrix,16:16:32,7639783,4340310,1912534,1085235,134481,130493,135087,8.839%
bfs_pointer,16:16:32,297361,132180,76933,33192,3096,2825,3819,5.377%
conv2D,16:16:32,3325479,1220578,833940,305293,3170,6653,6855,0.862%
fir,16:16:32,27163089,15053144,6793348,3763456,27542,56196,57678,0.793%
kmean,16:16:32,39450765,8338606,9865279,2084826,181748,15990,17801,1.655%
mm,16:16:32,8399467,4416818,2102419,1104347,188093,11425,11820,6.222%
quicksort,16:16:32,12497859,12511653,3128446,3131433,68177,50266,89546,1.892%
sobel,16:16:32,5781465,2145012,1818292,538346,7731,18861,19277,1.128%
bfs_matrix,32:16:32,7639783,4340310,1912534,1085235,131839,129028,131963,8.702%
bfs_pointer,32:16:32,297361,132180,76933,33192,2011,2722,3437,4.298%
conv2D,32:16:32,3325479,1220578,833940,305293,2191,5854,5794,0.706%
fir,32:16:32,27163089,15053144,6793348,3763456,21609,52868,53542,0.705%
kmean,32:16:32,39450765,8338606,9865279,2084826,178958,15178,15952,1.625%
mm,32:16:32,8399467,4416818,2102419,1104347,139087,10117,10378,4.653%
quicksort,32:16:32,12497859,12511653,3128446,3131433,49456,39485,68514,1.421%
sobel,32:16:32,5781465,2145012,1818292,538346,6091,17992,17924,1.022%
bfs_matrix,64:16:32,7639783,4340310,1912534,1085235,130335,128081,130172,8.620%
bfs_pointer,64:16:32,297361,132180,76933,33192,1100,2618,2539,3.376%
conv2D,64:16:32,3325479,1220578,833940,305293,1572,5405,4976,0.612%
fir,64:16:32,27163089,15053144,6793348,3763456,18542,51317,51183,0.662%
kmean,64:16:32,39450765,8338606,9865279,2084826,174055,14718,14775,1.580%
mm,64:16:32,8399467,4416818,2102419,1104347,62609,9166,9305,2.238%
quicksort,64:16:32,12497859,12511653,3128446,3131433,33681,31449,52020,1.040%
sobel,64:16:32,5781465,2145012,1818292,538346,5491,17364,16865,0.970%
bfs_matrix,128:16:32,7639783,4340310,1912534,1085235,129132,127590,128994,8.564%
bfs_pointer,128:16:32,297361,132180,76933,33192,574,2517,1396,2.807%
conv2D,128:16:32,3325479,1220578,833940,305293,1080,5217,3926,0.553%
fir,128:16:32,27163089,15053144,6793348,3763456,16889,50609,49635,0.639%
kmean,128:16:32,39450765,8338606,9865279,2084826,141611,14316,13910,1.305%
mm,128:16:32,8399467,4416818,2102419,1104347,6182,7988,7637,0.442%
quicksort,128:16:32,12497859,12511653,3128446,3131433,20112,25478,38219,0.728%
sobel,128:16:32,5781465,2145012,1818292,538346,4413,16360,15138,0.881%
bfs_matrix,256:16:32,7639783,4340310,1912534,1085235,128185,127311,128323,8.523%
bfs_pointer,256:16:32,297361,132180,76933,33192,311,2493,703,2.546%
conv2D,256:16:32,3325479,1220578,833940,305293,689,5106,2483,0.509%
fir,256:16:32,27163089,15053144,6793348,3763456,16421,50431,48319,0.633%
kmean,256:16:32,39450765,8338606,9865279,2084826,18768,13507,12683,0.270%
mm,256:16:32,8399467,4416818,2102419,1104347,4206,7658,5612,0.370%
quicksort,256:16:32,12497859,12511653,3128446,3131433,9543,21484,25511,0.496%
sobel,256:16:32,5781465,2145012,1818292,538346,2628,14594,11669,0.731%
bfs_matrix,512:16:32,7639783,4340310,1912534,1085235,127089,127161,127906,8.481%
bfs_pointer,512:16:32,297361,132180,76933,33192,151,2480,326,2.389%
conv2D,512:16:32,3325479,1220578,833940,305293,309,5078,1298,0.473%
fir,512:16:32,27163089,15053144,6793348,3763456,13786,49505,44824,0.600%
kmean,512:16:32,39450765,8338606,9865279,2084826,4533,12201,8043,0.140%
mm,512:16:32,8399467,4416818,2102419,1104347,1358,7543,3057,0.278%
quicksort,512:16:32,12497859,12511653,3128446,3131433,4163,19980,15926,0.386%
sobel,512:16:32,5781465,2145012,1818292,538346,1050,12711,6662,0.584%
bfs_matrix,1024:16:32,7639783,4340310,1912534,1085235,124820,127080,127570,8.403%
bfs_pointer,1024:16:32,297361,132180,76933,33192,105,2466,134,2.335%
conv2D,1024:16:32,3325479,1220578,833940,305293,170,5052,629,0.458%
fir,1024:16:32,27163089,15053144,6793348,3763456,8230,46013,34440,0.514%
kmean,1024:16:32,39450765,8338606,9865279,2084826,1450,11454,3605,0.108%
mm,1024:16:32,8399467,4416818,2102419,1104347,637,7492,1571,0.253%
quicksort,1024:16:32,12497859,12511653,3128446,3131433,1776,19461,9138,0.339%
sobel,1024:16:32,5781465,2145012,1818292,538346,501,11708,3348,0.518%
bfs_matrix,2048:16:32,7639783,4340310,1912534,1085235,117491,127003,126398,8.156%
bfs_pointer,2048:16:32,297361,132180,76933,33192,47,2465,35,2.281%
conv2D,2048:16:32,3325479,1220578,833940,305293,89,5039,243,0.450%
fir,2048:16:32,27163089,15053144,6793348,3763456,3300,41199,19013,0.422%
kmean,2048:16:32,39450765,8338606,9865279,2084826,377,10876,1380,0.094%
mm,2048:16:32,8399467,4416818,2102419,1104347,266,7475,622,0.241%
quicksort,2048:16:32,12497859,12511653,3128446,3131433,776,19311,4725,0.321%
sobel,2048:16:32,5781465,2145012,1818292,538346,209,11194,1452,0.484%
bfs_matrix,4096:16:32,7639783,4340310,1912534,1085235,95282,126964,114139,7.414%
bfs_pointer,4096:16:32,297361,132180,76933,33192,46,2465,0,2.280%
conv2D,4096:16:32,3325479,1220578,833940,305293,46,5025,78,0.445%
fir,4096:16:32,27163089,15053144,6793348,3763456,1295,37690,8810,0.369%
kmean,4096:16:32,39450765,8338606,9865279,2084826,89,10623,551,0.090%
mm,4096:16:32,8399467,4416818,2102419,1104347,147,7462,290,0.237%
quicksort,4096:16:32,12497859,12511653,3128446,3131433,265,19259,2105,0.312%
sobel,4096:16:32,5781465,2145012,1818292,538346,104,10922,602,0.468%
bfs_matrix,8:32:16,7639783,4340310,1912534,1085235,265396,261517,269424,17.577%
bfs_pointer,8:32:16,297361,132180,76933,33192,4312,5734,7020,9.122%
conv2D,8:32:16,3325479,1220578,833940,305293,9245,15015,15625,2.130%
fir,8:32:16,27163089,15053144,6793348,3763456,65639,122998,125661,1.787%
kmean,8:32:16,39450765,8338606,9865279,2084826,365625,34694,38314,3.350%
mm,8:32:16,8399467,4416818,2102419,1104347,362677,24350,25199,12.069%
quicksort,8:32:16,12497859,12511653,3128446,3131433,153770,113152,199774,4.264%
sobel,8:32:16,5781465,2145012,1818292,538346,18569,40269,41311,2.497%
bfs_matrix,16:32:16,7639783,4340310,1912534,1085235,261005,258702,263931,17.336%
bfs_pointer,16:32:16,297361,132180,76933,33192,3450,5553,6544,8.175%
conv2D,16:32:16,3325479,1220578,833940,305293,6175,13129,13368,1.694%
fir,16:32:16,27163089,15053144,6793348,3763456,52546,112096,113898,1.560%
kmean,16:32:16,39450765,8338606,9865279,2084826,360023,31970,33933,3.280%
mm,16:32:16,8399467,4416818,2102419,1104347,294389,21824,22422,9.861%
quicksort,16:32:16,12497859,12511653,3128446,3131433,117758,91086,158267,3.336%
sobel,16:32:16,5781465,2145012,1818292,538346,14683,37372,37796,2.209%
bfs_matrix,32:32:16,7639783,4340310,1912534,1085235,257985,256730,260112,17.170%
bfs_pointer,32:32:16,297361,132180,76933,33192,2543,5378,5932,7.193%
conv2D,32:32:16,3325479,1220578,833940,305293,4351,11548,11312,1.396%
fir,32:32:16,27163089,15053144,6793348,3763456,43041,105920,106466,1.411%
kmean,32:32:16,39450765,8338606,9865279,2084826,356291,30251,30830,3.235%
mm,32:32:16,8399467,4416818,2102419,1104347,246614,19520,19854,8.299%
quicksort,32:32:16,12497859,12511653,3128446,3131433,88112,73875,125436,2.588%
sobel,32:32:16,5781465,2145012,1818292,538346,11691,35596,35222,2.007%
bfs_matrix,64:32:16,7639783,4340310,1912534,1085235,256093,255528,257769,17.067%
bfs_pointer,64:32:16,297361,132180,76933,33192,1732,5200,4595,6.295%
conv2D,64:32:16,3325479,1220578,833940,305293,3188,10859,9918,1.233%
fir,64:32:16,27163089,15053144,6793348,3763456,37517,103041,102397,1.331%
kmean,64:32:16,39450765,8338606,9865279,2084826,346964,29535,29137,3.151%
mm,64:32:16,8399467,4416818,2102419,1104347,117131,18315,18462,4.224%
quicksort,64:32:16,12497859,12511653,3128446,3131433,61979,60514,98055,1.957%
sobel,64:32:16,5781465,2145012,1818292,538346,10136,34520,33366,1.895%
bfs_matrix,128:32:16,7639783,4340310,1912534,1085235,254847,254820,256390,17.002%
bfs_pointer,128:32:16,297361,132180,76933,33192,1121,5043,2871,5.597%
conv2D,128:32:16,3325479,1220578,833940,305293,2076,10501,7801,1.104%
fir,128:32:16,27163089,15053144,6793348,3763456,34568,101650,99642,1.290%
kmean,128:32:16,39450765,8338606,9865279,2084826,281892,28739,27701,2.599%
mm,128:32:16,8399467,4416818,2102419,1104347,12473,16073,15283,0.890%
quicksort,128:32:16,12497859,12511653,3128446,3131433,37714,49818,73064,1.398%
sobel,128:32:16,5781465,2145012,1818292,538346,8583,32490,29962,1.743%
bfs_matrix,256:32:16,7639783,4340310,1912534,1085235,253865,254445,255582,16.956%
bfs_pointer,256:32:16,297361,132180,76933,33192,542,4970,1359,5.005%
conv2D,256:32:16,3325479,1220578,833940,305293,1248,10238,5038,1.008%
fir,256:32:16,27163089,15053144,6793348,3763456,32386,100831,96469,1.262%
kmean,256:32:16,39450765,8338606,9865279,2084826,38640,27153,25449,0.551%
mm,256:32:16,8399467,4416818,2102419,1104347,4851,15371,11017,0.631%
quicksort,256:32:16,12497859,12511653,3128446,3131433,18959,43036,50623,0.990%
sobel,256:32:16,5781465,2145012,1818292,538346,5188,29103,23221,1.455%
bfs_matrix,512:32:16,7639783,4340310,1912534,1085235,252517,254244,255166,16.905%
bfs_pointer,512:32:16,297361,132180,76933,33192,336,4954,708,4.804%
conv2D,512:32:16,3325479,1220578,833940,305293,642,10173,2683,0.949%
fir,512:32:16,27163089,15053144,6793348,3763456,27710,98917,89591,1.199%
kmean,512:32:16,39450765,8338606,9865279,2084826,9618,24523,16565,0.286%
mm,512:32:16,8399467,4416818,2102419,1104347,3059,15094,6530,0.566%
quicksort,512:32:16,12497859,12511653,3128446,3131433,8092,39900,31656,0.767%
sobel,512:32:16,5781465,2145012,1818292,538346,2226,25485,13530,1.176%
bfs_matrix,1024:32:16,7639783,4340310,1912534,1085235,248511,254109,254769,16.766%
bfs_pointer,1024:32:16,297361,132180,76933,33192,207,4935,357,4.669%
conv2D,1024:32:16,3325479,1220578,833940,305293,382,10103,1397,0.920%
fir,1024:32:16,27163089,15053144,6793348,3763456,16629,91906,68841,1.028%
kmean,1024:32:16,39450765,8338606,9865279,2084826,3262,22826,7677,0.218%
mm,1024:32:16,8399467,4416818,2102419,1104347,1221,14996,3105,0.506%
quicksort,1024:32:16,12497859,12511653,3128446,3131433,3620,38918,18457,0.680%
sobel,1024:32:16,5781465,2145012,1818292,538346,932,23543,6823,1.039%
bfs_matrix,2048:32:16,7639783,4340310,1912534,1085235,233672,254013,252702,16.268%
bfs_pointer,2048:32:16,297361,132180,76933,33192,125,4925,121,4.586%
conv2D,2048:32:16,3325479,1220578,833940,305293,180,10076,609,0.900%
fir,2048:32:16,27163089,15053144,6793348,3763456,6765,82426,38375,0.845%
kmean,2048:32:16,39450765,8338606,9865279,2084826,1100,21856,3187,0.192%
mm,2048:32:16,8399467,4416818,2102419,1104347,565,14956,1490,0.484%
quicksort,2048:32:16,12497859,12511653,3128446,3131433,1734,38608,9858,0.644%
sobel,2048:32:16,5781465,2145012,1818292,538346,421,22474,3271,0.972%
bfs_matrix,4096:32:16,7639783,4340310,1912534,1085235,190213,253926,227743,14.816%
bfs_pointer,4096:32:16,297361,132180,76933,33192,79,4925,29,4.544%
conv2D,4096:32:16,3325479,1220578,833940,305293,106,10053,221,0.892%
fir,4096:32:16,27163089,15053144,6793348,3763456,2736,75681,18228,0.743%
kmean,4096:32:16,39450765,8338606,9865279,2084826,375,21311,1381,0.181%
mm,4096:32:16,8399467,4416818,2102419,1104347,281,14934,619,0.474%
quicksort,4096:32:16,12497859,12511653,3128446,3131433,752,38521,4804,0.627%
sobel,4096:32:16,5781465,2145012,1818292,538346,221,22002,1513,0.943%
bfs_matrix,4:32:32,7639783,4340310,1912534,1085235,137380,132528,139064,9.004%
bfs_pointer,4:32:32,297361,132180,76933,33192,3797,2977,4145,6.151%
conv2D,4:32:32,3325479,1220578,833940,305293,4986,7650,8084,1.109%
fir,4:32:32,27163089,15053144,6793348,3763456,34771,62108,64219,0.918%
kmean,4:32:32,39450765,8338606,9865279,2084826,185915,17551,20992,1.703%
mm,4:32:32,8399467,4416818,2102419,1104347,376075,14601,15206,12.183%
quicksort,4:32:32,12497859,12511653,3128446,3131433,91699,64932,117791,2.502%
sobel,4:32:32,5781465,2145012,1818292,538346,9965,20503,21361,1.293%
bfs_matrix,8:32:32,7639783,4340310,1912534,1085235,134024,130370,134714,8.820%
bfs_pointer,8:32:32,297361,132180,76933,33192,3034,2861,3845,5.353%
conv2D,8:32:32,3325479,1220578,833940,305293,3291,6788,6994,0.885%
fir,8:32:32,27163089,15053144,6793348,3763456,27350,56374,57876,0.793%
kmean,8:32:32,39450765,8338606,9865279,2084826,181568,16077,17829,1.654%
mm,8:32:32,8399467,4416818,2102419,1104347,191689,11494,11890,6.336%
quicksort,8:32:32,12497859,12511653,3128446,3131433,67852,50515,89755,1.891%
sobel,8:32:32,5781465,2145012,1818292,538346,7842,18935,19376,1.136%
bfs_matrix,16:32:32,7639783,4340310,1912534,1085235,131703,128919,131824,8.694%
bfs_pointer,16:32:32,297361,132180,76933,33192,2054,2750,3481,4.362%
conv2D,16:32:32,3325479,1220578,833940,305293,2325,5906,5859,0.723%
fir,16:32:32,27163089,15053144,6793348,3763456,21949,53180,53808,0.712%
kmean,16:32:32,39450765,8338606,9865279,2084826,178756,15191,15859,1.623%
mm,16:32:32,8399467,4416818,2102419,1104347,140986,9980,10217,4.708%
quicksort,16:32:32,12497859,12511653,3128446,3131433,49415,39738,68776,1.424%
sobel,16:32:32,5781465,2145012,1818292,538346,6194,18029,17981,1.028%
bfs_matrix,32:32:32,7639783,4340310,1912534,1085235,130215,128020,130017,8.614%
bfs_pointer,32:32:32,297361,132180,76933,33192,1096,2616,2522,3.371%
conv2D,32:32:32,3325479,1220578,833940,305293,1637,5452,5003,0.622%
fir,32:32:32,27163089,15053144,6793348,3763456,18862,51581,51437,0.667%
kmean,32:32:32,39450765,8338606,9865279,2084826,173909,14773,14870,1.579%
mm,32:32:32,8399467,4416818,2102419,1104347,63628,9199,9322,2.271%
quicksort,32:32:32,12497859,12511653,3128446,3131433,34029,31800,52535,1.052%
sobel,32:32:32,5781465,2145012,1818292,538346,5213,17377,16830,0.959%
bfs_matrix,64:32:32,7639783,4340310,1912534,1085235,129093,127549,128978,8.561%
bfs_pointer,64:32:32,297361,132180,76933,33192,578,2536,1452,2.828%
conv2D,64:32:32,3325479,1220578,833940,305293,1122,5222,3944,0.557%
fir,64:32:32,27163089,15053144,6793348,3763456,17420,50872,49993,0.647%
kmean,64:32:32,39450765,8338606,9865279,2084826,141090,14391,13976,1.301%
mm,64:32:32,8399467,4416818,2102419,1104347,6404,8069,7724,0.451%
quicksort,64:32:32,12497859,12511653,3128446,3131433,19950,25436,38120,0.725%
sobel,64:32:32,5781465,2145012,1818292,538346,4500,16420,15225,0.888%
bfs_matrix,128:32:32,7639783,4340310,1912534,1085235,128220,127316,128360,8.524%
bfs_pointer,128:32:32,297361,132180,76933,33192,325,2502,721,2.567%
conv2D,128:32:32,3325479,1220578,833940,305293,670,5126,2560,0.509%
fir,128:32:32,27163089,15053144,6793348,3763456,16291,50428,48325,0.632%
kmean,128:32:32,39450765,8338606,9865279,2084826,19283,13517,12683,0.274%
mm,128:32:32,8399467,4416818,2102419,1104347,2390,7690,5485,0.314%
quicksort,128:32:32,12497859,12511653,3128446,3131433,9890,21664,25913,0.504%
sobel,128:32:32,5781465,2145012,1818292,538346,2622,14520,11605,0.727%
bfs_matrix,256:32:32,7639783,4340310,1912534,1085235,127128,127166,127922,8.483%
bfs_pointer,256:32:32,297361,132180,76933,33192,196,2479,374,2.429%
conv2D,256:32:32,3325479,1220578,833940,305293,346,5083,1376,0.477%
fir,256:32:32,27163089,15053144,6793348,3763456,13974,49461,44850,0.601%
kmean,256:32:32,39450765,8338606,9865279,2084826,4717,12436,8446,0.144%
mm,256:32:32,8399467,4416818,2102419,1104347,1570,7551,3262,0.284%
quicksort,256:32:32,12497859,12511653,3128446,3131433,4182,19989,16008,0.386%
sobel,256:32:32,5781465,2145012,1818292,538346,1138,12801,6790,0.591%
bfs_matrix,512:32:32,7639783,4340310,1912534,1085235,124795,127083,127560,8.402%
bfs_pointer,512:32:32,297361,132180,76933,33192,72,2472,111,2.310%
conv2D,512:32:32,3325479,1220578,833940,305293,192,5060,704,0.461%
fir,512:32:32,27163089,15053144,6793348,3763456,8344,45884,34348,0.514%
kmean,512:32:32,39450765,8338606,9865279,2084826,1455,11291,3506,0.107%
mm,512:32:32,8399467,4416818,2102419,1104347,660,7490,1574,0.254%
quicksort,512:32:32,12497859,12511653,3128446,3131433,1969,19496,9322,0.343%
sobel,512:32:32,5781465,2145012,1818292,538346,484,11795,3432,0.521%
bfs_matrix,1024:32:32,7639783,4340310,1912534,1085235,117403,127006,126440,8.153%
bfs_pointer,1024:32:32,297361,132180,76933,33192,64,2465,52,2.296%
conv2D,1024:32:32,3325479,1220578,833940,305293,124,5038,343,0.453%
fir,1024:32:32,27163089,15053144,6793348,3763456,3429,41191,19139,0.423%
kmean,1024:32:32,39450765,8338606,9865279,2084826,498,10922,1569,0.096%
mm,1024:32:32,8399467,4416818,2102419,1104347,355,7483,836,0.244%
quicksort,1024:32:32,12497859,12511653,3128446,3131433,891,19332,5054,0.323%
sobel,1024:32:32,5781465,2145012,1818292,538346,237,11311,1751,0.490%
bfs_matrix,2048:32:32,7639783,4340310,1912534,1085235,95054,126968,113862,7.406%
bfs_pointer,2048:32:32,297361,132180,76933,33192,46,2465,15,2.280%
conv2D,2048:32:32,3325479,1220578,833940,305293,64,5026,125,0.447%
fir,2048:32:32,27163089,15053144,6793348,3763456,1428,37634,9107,0.370%
kmean,2048:32:32,39450765,8338606,9865279,2084826,207,10646,708,0.091%
mm,2048:32:32,8399467,4416818,2102419,1104347,150,7459,317,0.237%
quicksort,2048:32:32,12497859,12511653,3128446,3131433,382,19266,2470,0.314%
sobel,2048:32:32,5781465,2145012,1818292,538346,116,10975,769,0.471%
